playlist_id,playlist_title,playlist_desc,published_at,channel_id,channel_title,item_count,thumb_default,thumb_medium,thumb_high
PLBcAa442MLAphS6AxoUL3GmfcG8JRxf20,S∆†N T√ôNG M-TP | ƒê·ª™NG L√ÄM TR√ÅI TIM ANH ƒêAU,,2024-05-25 15:41:35.585403+00:00,UClyA28-01x4z60eWQ2kiNbA,S∆°n T√πng M-TP Official,5,https://i.ytimg.com/vi/abPmZCZZrFA/default.jpg,https://i.ytimg.com/vi/abPmZCZZrFA/mqdefault.jpg,https://i.ytimg.com/vi/abPmZCZZrFA/hqdefault.jpg
PLBcAa442MLApwqf4ZeQCurYFaDUEat3kI,S∆†N T√ôNG M-TP | CH√öNG TA C·ª¶A T∆Ø∆†NG LAI,"‚ÄúCh√∫ng Ta C·ªßa T∆∞∆°ng Lai‚Äù l√† ph·∫ßn ti·∫øp n·ªëi c·ªßa ‚ÄúCh√∫ng Ta C·ªßa Hi·ªán T·∫°i‚Äù, ti·∫øp t·ª•c ph√°t tri·ªÉn k·ªãch b·∫£n h·∫•p d·∫´n ƒë∆∞·ª£c g·ª£i m·ªü t·ª´ ph·∫ßn m·ªü ƒë·∫ßu. ‚ÄúCh√∫ng Ta C·ªßa T∆∞∆°ng Lai‚Äù qua ƒë√≥ c≈©ng l√† track th·ª© 2 n·∫±m trong Album CH√öNG TA g·ªìm t·ªïng c·ªông 3 b√†i h√°t, l√† album ph√≤ng thu ƒë∆∞·ª£c S∆°n T√πng M-TP ƒë·∫∑t nhi·ªÅu t√¢m huy·∫øt ƒë·ªÉ ho√†n thi·ªán v·ªÅ ph·∫ßn √¢m nh·∫°c l·∫´n h√¨nh ·∫£nh.",2024-03-01 05:21:49.725916+00:00,UClyA28-01x4z60eWQ2kiNbA,S∆°n T√πng M-TP Official,6,https://i.ytimg.com/vi/IpDNg7Xj2R4/default.jpg,https://i.ytimg.com/vi/IpDNg7Xj2R4/mqdefault.jpg,https://i.ytimg.com/vi/IpDNg7Xj2R4/hqdefault.jpg
PLBcAa442MLArflQUrUOw5_wBYfXikH2Ff,BE THE SKY,MBB x JCB x S∆†N T√ôNG M-TP x BE THE SKY,2024-01-18 09:45:21.786952+00:00,UClyA28-01x4z60eWQ2kiNbA,S∆°n T√πng M-TP Official,0,https://i.ytimg.com/img/no_thumbnail.jpg,https://i.ytimg.com/img/no_thumbnail.jpg,https://i.ytimg.com/img/no_thumbnail.jpg
PLBcAa442MLArLLRO3XjO9CnqdTU99V5a6,S∆†N T√ôNG M-TP | N∆†I N√ÄY C√ì ANH,,2023-09-20 07:20:49.415740+00:00,UClyA28-01x4z60eWQ2kiNbA,S∆°n T√πng M-TP Official,3,https://i.ytimg.com/vi/Hrv_p8CJYro/default.jpg,https://i.ytimg.com/vi/Hrv_p8CJYro/mqdefault.jpg,https://i.ytimg.com/vi/Hrv_p8CJYro/hqdefault.jpg
PLBcAa442MLArgE7xsH2igJwI2Hcsbyk3h,S∆†N T√ôNG M-TP | MAKING MY WAY,Pre-save MAKING MY WAY right here: https://orcd.co/stmtp-mmw üëàüèºüëàüèºüëàüèº‚ú®‚ú®‚ú®,2023-04-29 04:57:55.179036+00:00,UClyA28-01x4z60eWQ2kiNbA,S∆°n T√πng M-TP Official,3,https://i.ytimg.com/vi/niPkap1ozUA/default.jpg,https://i.ytimg.com/vi/niPkap1ozUA/mqdefault.jpg,https://i.ytimg.com/vi/niPkap1ozUA/hqdefault.jpg
PLBcAa442MLArUZuKY29nwsXj39mt3FL5W,SKY DECADE,'SKY DECADE' k·ªâ ni·ªám 10 nƒÉm debut c·ªßa ngh·ªá sƒ© S∆°n T√πng M-TP. ƒê√¢y l√† m√≥n qu√† ƒë·∫∑c bi·ªát ƒë·ªÉ tri √¢n cho t·∫•t c·∫£ kh√°n gi·∫£ ƒë√£ c√πng ƒë·ªìng h√†nh v·ªõi T√πng trong su·ªët h√†nh tr√¨nh ngh·ªá thu·∫≠t v·ª´a qua.,2022-10-06 08:08:11.490548+00:00,UClyA28-01x4z60eWQ2kiNbA,S∆°n T√πng M-TP Official,15,https://i.ytimg.com/vi/HJiRzTmn5X4/default.jpg,https://i.ytimg.com/vi/HJiRzTmn5X4/mqdefault.jpg,https://i.ytimg.com/vi/HJiRzTmn5X4/hqdefault.jpg
PLBcAa442MLApT3Jds6ozsWz7EBwzkmSsN,S∆†N T√ôNG M-TP | THERE'S NO ONE AT ALL,,2022-04-23 15:41:17.767956+00:00,UClyA28-01x4z60eWQ2kiNbA,S∆°n T√πng M-TP Official,4,https://i.ytimg.com/vi/JHSRTU31T14/default.jpg,https://i.ytimg.com/vi/JHSRTU31T14/mqdefault.jpg,https://i.ytimg.com/vi/JHSRTU31T14/hqdefault.jpg
PLBcAa442MLAo3JL-XFkf5HW5dmVTf326X,S∆†N T√ôNG M-TP | MU·ªòN R·ªíI M√Ä SAO C√íN,,2021-04-13 13:04:06.979671+00:00,UClyA28-01x4z60eWQ2kiNbA,S∆°n T√πng M-TP Official,7,https://i.ytimg.com/vi/xOmLxNyXc6o/default.jpg,https://i.ytimg.com/vi/xOmLxNyXc6o/mqdefault.jpg,https://i.ytimg.com/vi/xOmLxNyXc6o/hqdefault.jpg
PLBcAa442MLArtUA0pGAfhvbEV7uBAxqZA,FREE FIRE x S∆†N T√ôNG M-TP,,2021-01-28 13:27:03.488187+00:00,UClyA28-01x4z60eWQ2kiNbA,S∆°n T√πng M-TP Official,2,https://i.ytimg.com/vi/kKL3x0W2GiQ/default.jpg,https://i.ytimg.com/vi/kKL3x0W2GiQ/mqdefault.jpg,https://i.ytimg.com/vi/kKL3x0W2GiQ/hqdefault.jpg
PLBcAa442MLAo1FmrCMeCD1f_EQQ546aMZ,S∆†N T√ôNG M-TP | L·∫†C TR√îI COMIC,,2021-01-03 17:08:52.108060+00:00,UClyA28-01x4z60eWQ2kiNbA,S∆°n T√πng M-TP Official,44,https://i.ytimg.com/vi/w7FQi95eVHQ/default.jpg,https://i.ytimg.com/vi/w7FQi95eVHQ/mqdefault.jpg,https://i.ytimg.com/vi/w7FQi95eVHQ/hqdefault.jpg
PLBcAa442MLAoUTD2nvYpxsTZdlFsBbBGA,S∆†N T√ôNG M-TP | CH√öNG TA C·ª¶A HI·ªÜN T·∫†I,,2020-12-18 05:00:18.748972+00:00,UClyA28-01x4z60eWQ2kiNbA,S∆°n T√πng M-TP Official,5,https://i.ytimg.com/vi/psZ1g9fMfeo/default.jpg,https://i.ytimg.com/vi/psZ1g9fMfeo/mqdefault.jpg,https://i.ytimg.com/vi/psZ1g9fMfeo/hqdefault.jpg
PLBcAa442MLApVUjNGP6zk5u6PFBUT-5Dw,S∆†N T√ôNG M-TP | C√ì CH·∫ÆC Y√äU L√Ä ƒê√ÇY,,2020-07-06 09:16:20.974001+00:00,UClyA28-01x4z60eWQ2kiNbA,S∆°n T√πng M-TP Official,6,https://i.ytimg.com/vi/EhJqekMVxTc/default.jpg,https://i.ytimg.com/vi/EhJqekMVxTc/mqdefault.jpg,https://i.ytimg.com/vi/EhJqekMVxTc/hqdefault.jpg
PLBcAa442MLAqQaCQQZVQDrAMKA8-e-8s3,Music Videos,,2020-07-06 08:59:59.847286+00:00,UClyA28-01x4z60eWQ2kiNbA,S∆°n T√πng M-TP Official,6,https://i.ytimg.com/vi/6t-MjBazs3o/default.jpg,https://i.ytimg.com/vi/6t-MjBazs3o/mqdefault.jpg,https://i.ytimg.com/vi/6t-MjBazs3o/hqdefault.jpg
PLBcAa442MLArfS35ngfxwQUXYb3ixf0VG,SKY TOUR MOVIE | S∆†N T√ôNG M-TP,,2020-06-03 13:31:10.104466+00:00,UClyA28-01x4z60eWQ2kiNbA,S∆°n T√πng M-TP Official,4,https://i.ytimg.com/vi/hZqGbP817TQ/default.jpg,https://i.ytimg.com/vi/hZqGbP817TQ/mqdefault.jpg,https://i.ytimg.com/vi/hZqGbP817TQ/hqdefault.jpg
PLBcAa442MLApeCFys1oCTGScpBElaT9eL,S∆†N T√ôNG M-TP x BITI‚ÄôS HUNTER x NGUY·ªÑN QUANG D≈®NG,,2018-08-06 08:43:05.866752+00:00,UClyA28-01x4z60eWQ2kiNbA,S∆°n T√πng M-TP Official,1,https://i.ytimg.com/vi/_wqc9n2cYYc/default.jpg,https://i.ytimg.com/vi/_wqc9n2cYYc/mqdefault.jpg,https://i.ytimg.com/vi/_wqc9n2cYYc/hqdefault.jpg
PLBcAa442MLAp2Pg5g1KRutINpmJF2wXEC,"Liveshow M-TP Ambition ""Chuy·∫øn Bay ƒê·∫ßu Ti√™n""",,2018-08-01 08:17:28.145919+00:00,UClyA28-01x4z60eWQ2kiNbA,S∆°n T√πng M-TP Official,6,https://i.ytimg.com/vi/9QxtMGSswqA/default.jpg,https://i.ytimg.com/vi/9QxtMGSswqA/mqdefault.jpg,https://i.ytimg.com/vi/9QxtMGSswqA/hqdefault.jpg
PLBcAa442MLArLOVY_M4j_R_NwA2Gv21Rp,CH·∫†Y NGAY ƒêI | S∆†N T√ôNG M-TP,#ChayNgayDi #RunNow #‡πÄ‡∏£‡∏µ‡∏¢‡∏Å‡πÉ‡∏ä‡πâ‡πÄ‡∏î‡∏µ‡πã‡∏¢‡∏ß‡∏ô‡∏µ‡πâ #MTPEntertainment,2018-05-02 11:14:56.934055+00:00,UClyA28-01x4z60eWQ2kiNbA,S∆°n T√πng M-TP Official,8,https://i.ytimg.com/vi/mT4arhSPIDU/default.jpg,https://i.ytimg.com/vi/mT4arhSPIDU/mqdefault.jpg,https://i.ytimg.com/vi/mT4arhSPIDU/hqdefault.jpg
PLBcAa442MLAoxhIWkWAvnNo6yRuGB3uIt,Ch·∫°m T·ªõi Gi·∫•c M∆° | S∆°n T√πng M-TP 2017,,2017-09-29 03:01:45.896101+00:00,UClyA28-01x4z60eWQ2kiNbA,S∆°n T√πng M-TP Official,3,https://i.ytimg.com/vi/IH2RLeu-VpM/default.jpg,https://i.ytimg.com/vi/IH2RLeu-VpM/mqdefault.jpg,https://i.ytimg.com/vi/IH2RLeu-VpM/hqdefault.jpg
PLBcAa442MLArA5s6qWibG6TpEonVQp11b,Tr·ª±c Ti·∫øp: H·ªçp B√°o Ra M·∫Øt D·ª± √Ån √Çm Nh·∫°c L·∫°c Tr√¥i V√† Mini Concert S∆°n T√πng M-TP,,2016-12-29 09:35:22.279113+00:00,UClyA28-01x4z60eWQ2kiNbA,S∆°n T√πng M-TP Official,9,https://i.ytimg.com/vi/HZaShvbm8Q0/default.jpg,https://i.ytimg.com/vi/HZaShvbm8Q0/mqdefault.jpg,https://i.ytimg.com/vi/HZaShvbm8Q0/hqdefault.jpg
PLBcAa442MLAq32pwoXcIpBwbzlXnee7QJ,L·∫°c Tr√¥i | S∆°n T√πng MTP,,2016-12-16 16:57:51.174014+00:00,UClyA28-01x4z60eWQ2kiNbA,S∆°n T√πng M-TP Official,5,https://i.ytimg.com/vi/HZaShvbm8Q0/default.jpg,https://i.ytimg.com/vi/HZaShvbm8Q0/mqdefault.jpg,https://i.ytimg.com/vi/HZaShvbm8Q0/hqdefault.jpg
PLBcAa442MLAo9uhMRPazrSXlDNe2_mcO3,H√£y Trao Cho Anh V√† Nh·ªØng Video M·ªõi Nh·∫•t C·ªßa S∆°n T√πng M-TP,H√£y Trao Cho Anh V√† Nh·ªØng Video M·ªõi Nh·∫•t C·ªßa S∆°n T√πng M-TP,2016-12-12 08:34:38.247305+00:00,UClyA28-01x4z60eWQ2kiNbA,S∆°n T√πng M-TP Official,32,https://i.ytimg.com/vi/ivF9YQ4f4DA/default.jpg,https://i.ytimg.com/vi/ivF9YQ4f4DA/mqdefault.jpg,https://i.ytimg.com/vi/ivF9YQ4f4DA/hqdefault.jpg
PLBcAa442MLApMe_h-8cV-lFnTKmwEjTK8,Bu√¥ng ƒë√¥i tay nhau ra | M-TP,,2016-08-30 07:15:02.606485+00:00,UClyA28-01x4z60eWQ2kiNbA,S∆°n T√πng M-TP Official,5,https://i.ytimg.com/vi/LCyo565N_5w/default.jpg,https://i.ytimg.com/vi/LCyo565N_5w/mqdefault.jpg,https://i.ytimg.com/vi/LCyo565N_5w/hqdefault.jpg
PLBcAa442MLApZEMWZXFLX22ST5-Fpsfoi,Ch√∫ng Ta Kh√¥ng Thu·ªôc V·ªÅ Nhau | S∆°n T√πng M-TP,"Ca kh√∫c v√† M.V s·∫Ω ƒë∆∞·ª£c ph√°t h√†nh ch√≠nh th·ª©c v√†o l√∫c 00:00 ng√†y 03/08/2016

B·∫£n quy·ªÅn thu·ªôc s·ªü h·ªØu c·ªßa c√¥ng ty Wepro Entertainment
Copyright ¬© 2016 Wepro Entertainment
Vui l√≤ng kh√¥ng ƒëƒÉng t·∫£i l·∫°i d∆∞·ªõi b·∫•t k√¨ h√¨nh th·ª©c n√†o.

ƒê∆∞·ª£c th·ª±c hi·ªán b·ªüi / Video made by
S√°ng t√°c / Composer: Son Tung M-TP
ƒê·∫°o di·ªÖn / Director: Dinh Ha Uyen Thu
Ho·∫° sƒ© thi·∫øt k·∫ø / Production designer: Do Ba Ty 
Gi√°m ƒë·ªëc h√¨nh ·∫£nh / D.O.P: Tung Bui
H·∫≠u k·ª≥ / Post production: MR.BLUE
Gi√°m ƒë·ªëc s·∫£n xu·∫•t / Executive Producer: Nguyen Quang Huy

Nh√£n h√†ng Tr√† Xanh Kh√¥ng ƒê·ªô thu·ªôc t·∫≠p ƒëo√†n T√¢n Hi·ªáp Ph√°t h√¢n h·∫°nh ƒë·ªìng h√†nh c√πng S∆°n T√πng M-TP trong d·ª± √°n Ch√∫ng Ta Kh√¥ng Thu·ªôc V·ªÅ Nhau.",2016-07-26 11:04:59.738929+00:00,UClyA28-01x4z60eWQ2kiNbA,S∆°n T√πng M-TP Official,3,https://i.ytimg.com/vi/qGRU3sRbaYw/default.jpg,https://i.ytimg.com/vi/qGRU3sRbaYw/mqdefault.jpg,https://i.ytimg.com/vi/qGRU3sRbaYw/hqdefault.jpg
PLBcAa442MLAofuxthvs9fmmfCPUUy5Dal,Fanmeeting | S∆°n T√πng M-TP,"Ch√∫ng Ta Kh√¥ng Thu·ªôc V·ªÅ Nhau | Teaser Music Video | S∆°n T√πng M-TP
Ca kh√∫c ƒë∆∞·ª£c ph√°t h√†nh ch√≠nh th·ª©c v√†o l√∫c 00:00 ng√†y 03/08/2016",2016-02-01 07:39:40.273317+00:00,UClyA28-01x4z60eWQ2kiNbA,S∆°n T√πng M-TP Official,4,https://i.ytimg.com/vi/M6M_AWcAFEw/default.jpg,https://i.ytimg.com/vi/M6M_AWcAFEw/mqdefault.jpg,https://i.ytimg.com/vi/M6M_AWcAFEw/hqdefault.jpg
PLBcAa442MLAoUXB3XQZJwbwgfQMuF4sXJ,Fancam - Stage Version,,2016-02-01 07:38:00.100891+00:00,UClyA28-01x4z60eWQ2kiNbA,S∆°n T√πng M-TP Official,8,https://i.ytimg.com/vi/KY4uVGK7YOA/default.jpg,https://i.ytimg.com/vi/KY4uVGK7YOA/mqdefault.jpg,https://i.ytimg.com/vi/KY4uVGK7YOA/hqdefault.jpg
PLBcAa442MLAouFi0ykgHkS9th8EOQV4xo,M-TP | M·ªòT NƒÇM M·ªöI B√åNH AN,,2016-01-24 15:36:54.942554+00:00,UClyA28-01x4z60eWQ2kiNbA,S∆°n T√πng M-TP Official,2,https://i.ytimg.com/vi/Thf6-faRGI4/default.jpg,https://i.ytimg.com/vi/Thf6-faRGI4/mqdefault.jpg,https://i.ytimg.com/vi/Thf6-faRGI4/hqdefault.jpg
PLBcAa442MLAoirqiBI6Efk785mlKDfu9d,M-TP | √Çm Th·∫ßm B√™n Em,"Ch√∫ng Ta Kh√¥ng Thu·ªôc V·ªÅ Nhau | Teaser Music Video | S∆°n T√πng M-TP
Ca kh√∫c ƒë∆∞·ª£c ph√°t h√†nh ch√≠nh th·ª©c v√†o l√∫c 00:00 ng√†y 03/08/2016",2015-08-04 09:18:39.974260+00:00,UClyA28-01x4z60eWQ2kiNbA,S∆°n T√πng M-TP Official,6,https://i.ytimg.com/vi/30KI5SuECuc/default.jpg,https://i.ytimg.com/vi/30KI5SuECuc/mqdefault.jpg,https://i.ytimg.com/vi/30KI5SuECuc/hqdefault.jpg
PLBcAa442MLAqlvBrssYTGSYwLACwoGfSl,M-TP Viral Video,T·ªïng h·ª£p TVC ch√≠nh th·ª©c c·ªßa ngh·ªá sƒ© S∆°n T√πng M-TP  Ngh·ªá sƒ© tr·ª±c thu·ªôc c√¥ng ty M-TP Entertainment,2015-07-13 03:49:26.867021+00:00,UClyA28-01x4z60eWQ2kiNbA,S∆°n T√πng M-TP Official,16,https://i.ytimg.com/vi/Hwqp66yZrlI/default.jpg,https://i.ytimg.com/vi/Hwqp66yZrlI/mqdefault.jpg,https://i.ytimg.com/vi/Hwqp66yZrlI/hqdefault.jpg
PLBcAa442MLAqhzw_-XVcHK5tm6cBDi_oq,M-TP & FRIENDS 2015,"ƒê·∫†I TI·ªÜC √ÇM NH·∫†C NGO√ÄI TR·ªúI M·ª™NG SINH NH·∫¨T S∆†N T√ôNG M-TP 2015
Th·ªùi gian: Ch·ªß nh·∫≠t, 31/05/2015 t·ª´ l√∫c 18 gi·ªù",2015-05-21 02:32:00.268390+00:00,UClyA28-01x4z60eWQ2kiNbA,S∆°n T√πng M-TP Official,4,https://i.ytimg.com/vi/19JlMe6Pb94/default.jpg,https://i.ytimg.com/vi/19JlMe6Pb94/mqdefault.jpg,https://i.ytimg.com/vi/19JlMe6Pb94/hqdefault.jpg
PLBcAa442MLAqDH4kTPuMd1DYz-raNYPXQ,M√ìN QU√Ä ƒê·∫∂C BI·ªÜT C·ª¶A M-TP 2015,,2015-04-23 15:11:03.469190+00:00,UClyA28-01x4z60eWQ2kiNbA,S∆°n T√πng M-TP Official,3,https://i.ytimg.com/vi/-MP8mIUwx_A/default.jpg,https://i.ytimg.com/vi/-MP8mIUwx_A/mqdefault.jpg,https://i.ytimg.com/vi/-MP8mIUwx_A/hqdefault.jpg
PLBcAa442MLAoMwxVjUYB8l7MD3yFWK4WZ,M-TP Music Videos,#sontungmtp #sontung #mtp #mtpentertainment,2015-01-26 02:43:04.100361+00:00,UClyA28-01x4z60eWQ2kiNbA,S∆°n T√πng M-TP Official,9,https://i.ytimg.com/vi/6t-MjBazs3o/default.jpg,https://i.ytimg.com/vi/6t-MjBazs3o/mqdefault.jpg,https://i.ytimg.com/vi/6t-MjBazs3o/hqdefault.jpg
